AARON, ABDUL, ABE ,ABEL, ABRAHAM, ABRAM, ADALBERTO, ADAM, ADAN, ADOLFO, ADOLPH, ADRIAN, AGUSTIN, AHMAD, AHMED, AL,
ALAN, ALBERT, ALBERTO, ALDEN, ALDO, ALEC, ALEJANDRO, ALEX, ALEXANDER, ALEXIS, ALFONSO, ALFONZO, ALFRED, ALFREDO, ALI, ALLAN,
ALLEN, ALONSO, ALONZO, ALPHONSE, ALPHONSO, ALTON, ALVA, ALVARO, ALVIN, AMADO, AMBROSE, AMOS, ANDERSON, ANDRE, ANDREA, ANDREAS,
ANDRES, ANDREW, ANDY, ANGEL, ANGELO, ANIBAL, ANTHONY, ANTIONE, ANTOINE, ANTON, ANTONE, ANTONIA, ANTONIO, ANTONY, ANTWAN,
ARCHIE, ARDEN, ARIEL, ARLEN, ARLIE, ARMAND, ARMANDO, ARNOLD, ARNOLDO, ARNULFO, ARON, ARRON, ART, ARTHUR, ARTURO, ASA, ASHLEY,
AUBREY, AUGUST, AUGUSTINE, AUGUSTUS, AURELIO, AUSTIN, AVERY, BARNEY, BARRETT, BARRY, BART, BARTON, BASIL, BEAU, BEN, BENEDICT,
BENITO, BENJAMIN, BENNETT, BENNIE, BENNY, BENTON, BERNARD, BERNARDO, BERNIE, BERRY, BERT, BERTRAM, BILL, BILLIE, BILLY, BLAINE,
BLAIR, BLAKE, BO, BOB, BOBBIE, BOBBY, BOOKER, BORIS, BOYCE, BOYD, BRAD, BRADFORD, BRADLEY, BRADLY, BRADY, BRAIN, BRANDEN,
BRANDON, BRANT, BRENDAN, BRENDON, BRENT, BRENTON, BRET, BRETT, BRIAN, BRICE, BRITT, BROCK, BRODERICK, BROOKS, BRUCE, BRUNO,
BRYAN, BRYANT, BRYCE, BRYON, BUCK, BUD, BUDDY, BUFORD, BURL, BURT, BURTON, BUSTER, BYRON, CALEB, CALVIN, CAMERON, CAREY,
CARL, CARLO, CARLOS, CARLTON, CARMELO, CARMEN, CARMINE, CAROL, CARROL, CARROLL, CARSON, CARTER, CARY, CASEY, CECIL, CEDRIC,
CEDRICK, CESAR, CHAD, CHADWICK, CHANCE, CHANG, CHARLES, CHARLEY, CHARLIE, CHAS, CHASE, CHAUNCEY, CHESTER, CHET, CHI, CHONG,
CHRIS, CHRISTIAN, CHRISTOPER, CHRISTOPHER, CHUCK, CHUNG, CLAIR, CLARENCE, CLARK, CLAUD, CLAUDE, CLAUDIO, CLAY, CLAYTON, CLEMENT,
CLEMENTE, CLEO, CLETUS, CLEVELAND, CLIFF, CLIFFORD, CLIFTON, CLINT, CLINTON, CLYDE, CODY, COLBY, COLE, COLEMAN, COLIN, COLLIN,
COLTON, COLUMBUS, CONNIE, CONRAD, CORDELL, COREY, CORNELIUS, CORNELL, CORTEZ, CORY, COURTNEY, COY, CRAIG, CRISTOBAL, CRISTOPHER,
CRUZ, CURT, CURTIS, CYRIL, CYRUS, DALE, DALLAS, DALTON, DAMIAN, DAMIEN, DAMION, DAMON, DAN, DANA, DANE, DANIAL, DANIEL,
DANILO, DANNIE, DANNY, DANTE, DARELL, DAREN, DARIN, DARIO, DARIUS, DARNELL, DARON, DARREL, DARRELL, DARREN, DARRICK, DARRIN,
DARRON, DARRYL, DARWIN, DARYL, DAVE, DAVID, DAVIS, DEAN,  DEANDRE, DEANGELO, DEE, DEL, DELBERT, DELMAR, DELMER, DEMARCUS,
DEMETRIUS, DENIS, DENNIS, DENNY, DENVER, DEON, DEREK, DERICK, DERRICK, DESHAWN, DESMOND, DEVIN, DEVON, DEWAYNE, DEWEY, DEWITT,
DEXTER, DICK, DIEGO, DILLON, DINO, DION, DIRK, DOMENIC, DOMINGO, DOMINIC, DOMINICK, DOMINIQUE, DON, DONALD, DONG, DONN,
DONNELL, DONNIE, DONNY, DONOVAN, DONTE, DORIAN, DORSEY, DOUG, DOUGLAS, DOUGLASS, DOYLE, DREW, DUANE, DUDLEY, DUNCAN, DUSTIN,
DUSTY, DWAIN, DWAYNE, DWIGHT, DYLAN